{"data": {"n_alignments": [6971, 6971], "n_sites": 1479, "padding": "zeros", "max_seqs_per_align": [335, 335], "min_seqs_per_align": [4, 4]}, "hyperparameters": {"batch_size": 128, "epochs": 1000, "lr": [0.0016666666666666629, 0.0016666666666666629, 0.0016666666666666629, 0.0015909140944363887, 0.0015909140944363887, 0.0016666666666666629, 0.0016666666666666629, 0.0015909140944363887, 0.001518604593525814, 0.0016666666666666629], "lr_range": [1e-07, 0.1], "optimizer": "Adam", "n_folds": 10}, "conv_net_parameters": {"channels": [21, 210], "n_lin_layer": 1, "kernel_size": 1, "do_maxpool": 2, "input_size": 1479, "n_chnls": 21}, "results_path": "/pbs/home/j/jtrost/results/cnn_alisim_lg_s0256_gc_gapless_k1_27-Jan-2023-21:05:14.681588", "comments": "Avg global pooling, removed first 2 sites, Xs sites removal, padding only", "val_acc": 0.9941187679767609}