{
    "data": {
        "n_alignments": [
            6949,
            6949
        ],
        "n_sites": 9994,
        "padding": "zeros",
        "molecule_type": "protein"
    },
    "training": {
        "batch_size": 128,
        "epochs": 300,
        "lr": [
            0.001666666666666666,
            0.001666666666666666,
            0.001666666666666666,
            0.001666666666666666,
            0.001666666666666666,
            0.001666666666666666,
            0.001666666666666666,
            0.001666666666666666,
            0.001666666666666666,
            0.001666666666666666
        ],
        "lr_range": [
            1e-07,
            0.1
        ],
        "optimizer": "Adam",
        "n_folds": 10
    },
    "model": {
        "channels": [
            21,
            210
        ],
        "n_lin_layer": 1,
        "kernel_size": [
            1
        ],
        "pooling": 2,
        "input_size": 9994
    },
    "results_path": "/pbs/home/j/jtrost/results/cnn_alisim_lg_s0256_gc_sabc_k1_16-Mar-2023-16:07:46.802354",
    "comments": ""
}