{"data": {"n_alignments": [6971, 6971], "n_sites": 1479, "padding": "zeros", "molecule_type": "protein"}, "training": {"batch_size": 128, "epochs": 1000, "lr": [0.009435326151354693, 0.011666666666666643, 0.005549862654810945, 0.011666666666666643, 0.005549862654810945, 0.007630746821351837, 0.009949571680454369, 0.011666666666666643, 0.011666666666666643, 0.011666666666666643], "lr_range": [1e-07, 0.7], "optimizer": "Adam", "n_folds": 10}, "model": {"channels": [21, 210], "n_lin_layer": 1, "kernel_size": 1, "pooling": 2, "input_size": 1479}, "results_path": "/pbs/home/j/jtrost/results/cnn_alisim_lg_gapless_k1_06-Feb-2023-17:21:12.790767", "comments": " Test on data collections: emp, alisim_lg_gapless_trees, alisim_poisson_gapless_trees, alisim_lg_gc_gapless"}