{"data": {"n_alignments": [6949, 6734], "n_sites": 10000, "padding": "zeros", "molecule_type": "protein"}, "training": {"batch_size": 128, "epochs": 500, "lr": [0.0016666666666666713, 0.0016666666666666713, 0.0016666666666666713, 0.0015969526837695217, 0.0016666666666666713, 0.0016666666666666713, 0.0015969526837695217, 0.0016666666666666713, 0.0016666666666666713], "lr_range": [1e-10, 0.1], "optimizer": "Adam", "n_folds": 10}, "model": {"channels": [21], "n_lin_layer": 1, "kernel_size": 1, "pooling": 0, "input_size": 1}, "results_path": "", "comments": "Remove sites with ambig. Molecule names, logistic regression"}